name,warehouse,l1_category_name_en,total_units,avg_price
Roll_51,Brno_1,Bakery,17172154.0,2.07
Roll_57,Prague_1,Bakery,10029080.0,2.11
Roll_57,Prague_2,Bakery,5377946.0,3.19
Roll_57,Prague_3,Bakery,5299730.0,2.62
Cucumber_10,Prague_1,Fruit and vegetable,3854934.0,27.96
Cucumber_10,Brno_1,Fruit and vegetable,3296015.0,15.21
Pastry_4,Budapest_1,Bakery,3207755.0,115.34
Roll_56,Prague_1,Bakery,3145951.0,5.86
Roll_8,Prague_1,Bakery,2873952.0,4.12
Banana_10,Brno_1,Fruit and vegetable,2621362.0,40.72
Bread_122,Prague_1,Bakery,2463970.0,5.65
Cucumber_10,Prague_2,Fruit and vegetable,2132312.0,23.06
Cucumber_10,Prague_3,Fruit and vegetable,2088208.0,26.51
Banana_10,Prague_1,Fruit and vegetable,1996770.0,32.77
Roll_30,Brno_1,Bakery,1886343.0,3.61
Roll_11,Brno_1,Bakery,1855331.0,7.62
Roll_56,Prague_3,Bakery,1782679.0,5.02
Roll_8,Prague_3,Bakery,1668788.0,3.21
Roll_20,Prague_1,Bakery,1629840.0,3.95
Roll_32,Brno_1,Bakery,1571255.0,7.52
Roll_8,Prague_2,Bakery,1564163.0,5.9
Bread_122,Brno_1,Bakery,1564023.0,3.55
Croissant_16,Brno_1,Bakery,1467591.0,8.59
Bread_122,Prague_2,Bakery,1435030.0,5.62
Bread_113,Brno_1,Bakery,1386246.0,4.1
Bread_113,Prague_1,Bakery,1329797.0,3.86
Kohlrabi_10,Brno_1,Fruit and vegetable,1279873.0,13.83
Baguette_40,Brno_1,Bakery,1272404.0,5.81
Radish_13,Brno_1,Fruit and vegetable,1268273.0,19.33
Bread_143,Prague_1,Bakery,1250940.0,3.26
