name,warehouse,n_days,total_units,mean_daily_sales,sd_daily_sales,coeff_of_variation
Duck_2,Prague_1,1106,12971.0,11.73,55.91,4.767
Duck_2,Brno_1,1092,10778.0,9.87,46.9,4.752
Duck_2,Prague_2,1131,7788.0,6.89,32.0,4.647
Duck_2,Prague_3,1080,8419.0,7.8,34.31,4.401
Carp_0,Prague_1,253,1558.0,6.16,26.62,4.324
Chicken_102,Brno_1,582,11591.0,19.92,60.03,3.014
Melon_5,Brno_1,736,9129.0,12.4,35.72,2.88
Melon_5,Prague_2,1176,9738.0,8.28,23.68,2.859
Chicken_102,Prague_1,570,9241.0,16.21,44.29,2.732
Breadcrumb_5,Prague_3,281,4678.0,16.65,44.21,2.655
Chicken_102,Prague_3,571,4559.0,7.98,21.07,2.638
Melon_5,Prague_1,1187,19959.0,16.81,41.91,2.493
Melon_5,Prague_3,1189,10668.0,8.97,21.99,2.451
Turkey_8,Brno_1,840,10733.0,12.78,29.69,2.324
Bell Pepper_9,Brno_1,612,9800.0,16.01,36.64,2.288
Chicken_44,Prague_2,138,3692.0,26.76,60.61,2.265
Pineapple_1,Brno_1,1276,46242.0,36.24,81.69,2.254
Chicken_102,Prague_2,579,5308.0,9.17,20.55,2.241
Salmon_13,Brno_1,489,10601.0,21.68,48.5,2.237
Salmon_13,Prague_2,501,6766.0,13.5,29.46,2.182
Salmon_13,Prague_1,564,13567.0,24.05,52.0,2.162
Tomato_105,Brno_1,416,9767.0,23.48,50.75,2.161
Beef_13,Brno_1,830,18423.0,22.2,47.64,2.146
Pineapple_1,Prague_2,1372,28980.0,21.12,45.22,2.141
Breadcrumb_5,Prague_1,420,13196.0,31.42,65.96,2.099
Apple_107,Prague_2,946,15558.0,16.45,33.85,2.058
Chicken_44,Brno_1,140,10673.0,76.24,153.73,2.016
Bread_0,Brno_1,1089,25168.0,23.11,46.3,2.003
Chicken_44,Prague_1,139,9215.0,66.29,132.25,1.995
Beef_13,Prague_2,832,9058.0,10.89,21.71,1.994
