holiday_name,n_observations,avg_sales_on_holiday,uplift_vs_nonholiday
Good Friday,11577,113.61,
Labour Day,11530,104.19,
Easter Monday,10991,102.32,
Christmas Eve,10928,50.37,
2nd Christmas Day,10803,93.83,
New Years Day,10152,83.36,
1st Christmas Day,9029,48.84,
Den osvobozeni,8540,130.1,
Den boje za svobodu a demokracii,8429,113.73,
Den vzniku samostatneho ceskoslovenskeho statu,8190,116.8,
Den ceske statnosti,8170,111.14,
Cyrila a Metodej,6543,85.0,
Jan Hus,6521,85.82,
Whit sunday,2750,48.96,
Whit monday,2722,85.01,
All Saints Day,2151,85.2,
Memorial Day for the Victims of the Holocaust,1820,93.48,
Corpus Christi,1452,66.45,
State Foundation Day,1401,96.96,
Memorial day of the 1956 Revolution,1395,92.17,
Ascension day,1188,67.22,
German Unity Day,1119,54.31,
Epiphany,680,79.94,
Peace Festival in Augsburg,653,62.9,
Assumption of the Virgin Mary,649,54.88,
Reformation Day,504,46.1,
