warehouse,month,monthly_units,avg_daily_orders
Brno_1,2020-08-01,1481716.0,5143.0
Brno_1,2020-09-01,1587464.0,5768.0
Brno_1,2020-10-01,2090149.0,6760.0
Brno_1,2020-11-01,2092631.0,7097.0
Brno_1,2020-12-01,2094603.0,7100.0
Brno_1,2021-01-01,2385726.0,7523.0
Brno_1,2021-02-01,2249562.0,7957.0
Brno_1,2021-03-01,2709286.0,8397.0
Brno_1,2021-04-01,2365924.0,7815.0
Brno_1,2021-05-01,2351665.0,7550.0
Brno_1,2021-06-01,2125073.0,7269.0
Brno_1,2021-07-01,1978065.0,6830.0
Brno_1,2021-08-01,1913376.0,7001.0
Brno_1,2021-09-01,2124103.0,7740.0
Brno_1,2021-10-01,2375279.0,8363.0
Brno_1,2021-11-01,2663422.0,9341.0
Brno_1,2021-12-01,2653092.0,9141.0
Brno_1,2022-01-01,2681880.0,8846.0
Brno_1,2022-02-01,2496543.0,9393.0
Brno_1,2022-03-01,2533971.0,8658.0
Brno_1,2022-04-01,2377737.0,8534.0
Brno_1,2022-05-01,2431498.0,8246.0
Brno_1,2022-06-01,2192680.0,8050.0
Brno_1,2022-07-01,2086168.0,7791.0
Brno_1,2022-08-01,1988968.0,7880.0
Brno_1,2022-09-01,2075352.0,8325.0
Brno_1,2022-10-01,2190448.0,8142.0
Brno_1,2022-11-01,2222732.0,8309.0
Brno_1,2022-12-01,2508387.0,8852.0
Brno_1,2023-01-01,2691102.0,8903.0
Brno_1,2023-02-01,2305902.0,8727.0
Brno_1,2023-03-01,2580923.0,8596.0
Brno_1,2023-04-01,2545651.0,8656.0
Brno_1,2023-05-01,2637152.0,8603.0
Brno_1,2023-06-01,2342521.0,8221.0
Brno_1,2023-07-01,2293398.0,8035.0
Brno_1,2023-08-01,2053515.0,7372.0
Brno_1,2023-09-01,2038665.0,7667.0
Brno_1,2023-10-01,2255980.0,7928.0
Brno_1,2023-11-01,2237688.0,8491.0
Brno_1,2023-12-01,2429165.0,9150.0
Brno_1,2024-01-01,2623935.0,8988.0
Brno_1,2024-02-01,2453368.0,8848.0
Brno_1,2024-03-01,2689167.0,9080.0
Brno_1,2024-04-01,2617771.0,8991.0
Brno_1,2024-05-01,2742745.0,9272.0
Brno_1,2024-06-01,158244.0,8237.0
Budapest_1,2020-08-01,1028297.0,3544.0
Budapest_1,2020-09-01,1001061.0,3814.0
Budapest_1,2020-10-01,1092652.0,4029.0
Budapest_1,2020-11-01,1125539.0,4379.0
Budapest_1,2020-12-01,1136647.0,4569.0
Budapest_1,2021-01-01,1235326.0,4571.0
Budapest_1,2021-02-01,1140914.0,4859.0
Budapest_1,2021-03-01,1352481.0,5068.0
Budapest_1,2021-04-01,1233909.0,4907.0
Budapest_1,2021-05-01,1184129.0,4622.0
Budapest_1,2021-06-01,1070465.0,4616.0
Budapest_1,2021-07-01,1088749.0,4446.0
Budapest_1,2021-08-01,1104549.0,4458.0
Budapest_1,2021-09-01,1101174.0,4814.0
Budapest_1,2021-10-01,1190687.0,5191.0
Budapest_1,2021-11-01,1275994.0,5651.0
Budapest_1,2021-12-01,1152811.0,5359.0
Budapest_1,2022-01-01,1281146.0,5549.0
Budapest_1,2022-02-01,1144256.0,5721.0
Budapest_1,2022-03-01,1283492.0,5731.0
Budapest_1,2022-04-01,1201491.0,5441.0
Budapest_1,2022-05-01,1217364.0,5390.0
Budapest_1,2022-06-01,1165269.0,5378.0
Budapest_1,2022-07-01,1244118.0,5261.0
Budapest_1,2022-08-01,1239684.0,5275.0
Budapest_1,2022-09-01,1228869.0,5400.0
Budapest_1,2022-10-01,1280404.0,5362.0
Budapest_1,2022-11-01,1289361.0,5497.0
Budapest_1,2022-12-01,1270165.0,5835.0
Budapest_1,2023-01-01,1420505.0,5694.0
Budapest_1,2023-02-01,1305241.0,5782.0
Budapest_1,2023-03-01,1410277.0,5824.0
Budapest_1,2023-04-01,1322850.0,5631.0
Budapest_1,2023-05-01,1393042.0,5636.0
Budapest_1,2023-06-01,1309452.0,5670.0
Budapest_1,2023-07-01,1382499.0,5545.0
Budapest_1,2023-08-01,1405245.0,5633.0
Budapest_1,2023-09-01,1397945.0,5945.0
Budapest_1,2023-10-01,1460127.0,6136.0
Budapest_1,2023-11-01,1450447.0,6294.0
Budapest_1,2023-12-01,1496701.0,6628.0
Budapest_1,2024-01-01,1602831.0,6547.0
Budapest_1,2024-02-01,1547933.0,6600.0
Budapest_1,2024-03-01,1632570.0,6596.0
Budapest_1,2024-04-01,1551725.0,6585.0
Budapest_1,2024-05-01,1595161.0,6514.0
Budapest_1,2024-06-01,98598.0,6227.0
Frankfurt_1,2021-12-01,150.0,823.0
Frankfurt_1,2022-02-01,79415.0,891.0
Frankfurt_1,2022-03-01,200810.0,1057.0
Frankfurt_1,2022-04-01,215554.0,1131.0
Frankfurt_1,2022-05-01,245459.0,1143.0
Frankfurt_1,2022-06-01,266508.0,1250.0
Frankfurt_1,2022-07-01,280898.0,1312.0
Frankfurt_1,2022-08-01,264770.0,1290.0
Frankfurt_1,2022-09-01,297420.0,1346.0
Frankfurt_1,2022-10-01,314997.0,1290.0
Frankfurt_1,2022-11-01,315652.0,1302.0
Frankfurt_1,2022-12-01,337238.0,1376.0
Frankfurt_1,2023-01-01,369200.0,1392.0
Frankfurt_1,2023-02-01,346610.0,1391.0
Frankfurt_1,2023-03-01,383869.0,1402.0
Frankfurt_1,2023-04-01,349285.0,1365.0
Frankfurt_1,2023-05-01,371938.0,1402.0
Frankfurt_1,2023-06-01,371291.0,1426.0
Frankfurt_1,2023-07-01,369130.0,1418.0
Frankfurt_1,2023-08-01,364081.0,1403.0
Frankfurt_1,2023-09-01,373870.0,1496.0
Frankfurt_1,2023-10-01,379594.0,1500.0
Frankfurt_1,2023-11-01,382024.0,1575.0
Frankfurt_1,2023-12-01,380495.0,1595.0
Frankfurt_1,2024-01-01,410879.0,1650.0
Frankfurt_1,2024-02-01,385281.0,1672.0
Frankfurt_1,2024-03-01,373066.0,1606.0
Frankfurt_1,2024-04-01,357365.0,1627.0
Frankfurt_1,2024-05-01,364846.0,1610.0
Frankfurt_1,2024-06-01,22227.0,1380.0
Munich_1,2021-05-01,409.0,483.0
Munich_1,2021-06-01,4196.0,567.0
Munich_1,2021-07-01,25275.0,598.0
Munich_1,2021-08-01,93738.0,749.0
Munich_1,2021-09-01,166637.0,1065.0
Munich_1,2021-10-01,265508.0,1535.0
Munich_1,2021-11-01,355683.0,1925.0
Munich_1,2021-12-01,419766.0,2170.0
Munich_1,2022-01-01,598451.0,2731.0
Munich_1,2022-02-01,611014.0,3111.0
Munich_1,2022-03-01,698094.0,3104.0
Munich_1,2022-04-01,656957.0,2951.0
Munich_1,2022-05-01,637370.0,2717.0
Munich_1,2022-06-01,565561.0,2370.0
Munich_1,2022-07-01,557232.0,2379.0
Munich_1,2022-08-01,537584.0,2375.0
Munich_1,2022-09-01,677586.0,2791.0
Munich_1,2022-10-01,701847.0,2556.0
Munich_1,2022-11-01,692987.0,2497.0
Munich_1,2022-12-01,727269.0,2549.0
Munich_1,2023-01-01,851100.0,2656.0
Munich_1,2023-02-01,769392.0,2725.0
Munich_1,2023-03-01,863477.0,2811.0
Munich_1,2023-04-01,770569.0,2669.0
Munich_1,2023-05-01,782556.0,2768.0
Munich_1,2023-06-01,749750.0,2796.0
Munich_1,2023-07-01,821182.0,2989.0
Munich_1,2023-08-01,721938.0,2795.0
Munich_1,2023-09-01,838332.0,3213.0
Munich_1,2023-10-01,1041290.0,3954.0
Munich_1,2023-11-01,1198252.0,4766.0
Munich_1,2023-12-01,1161263.0,4535.0
Munich_1,2024-01-01,1359931.0,4884.0
Munich_1,2024-02-01,1244540.0,4974.0
Munich_1,2024-03-01,1216547.0,4629.0
Munich_1,2024-04-01,1218227.0,4879.0
Munich_1,2024-05-01,1139234.0,4505.0
Munich_1,2024-06-01,63480.0,3446.0
Prague_1,2020-08-01,1471978.0,5052.0
Prague_1,2020-09-01,1602467.0,5816.0
Prague_1,2020-10-01,2001637.0,6704.0
Prague_1,2020-11-01,2155432.0,7694.0
Prague_1,2020-12-01,2142816.0,7527.0
Prague_1,2021-01-01,2511346.0,8091.0
Prague_1,2021-02-01,2424669.0,8552.0
Prague_1,2021-03-01,2677193.0,8752.0
Prague_1,2021-04-01,2431025.0,8462.0
Prague_1,2021-05-01,2435502.0,8082.0
Prague_1,2021-06-01,2151721.0,7642.0
Prague_1,2021-07-01,1917541.0,6893.0
Prague_1,2021-08-01,1898209.0,7216.0
Prague_1,2021-09-01,2079327.0,7795.0
Prague_1,2021-10-01,2393565.0,8701.0
Prague_1,2021-11-01,2654487.0,9822.0
Prague_1,2021-12-01,2608993.0,9502.0
Prague_1,2022-01-01,2874643.0,9883.0
Prague_1,2022-02-01,2537064.0,9891.0
Prague_1,2022-03-01,2665671.0,9425.0
Prague_1,2022-04-01,2520472.0,9237.0
Prague_1,2022-05-01,2603048.0,9021.0
Prague_1,2022-06-01,2343222.0,8738.0
Prague_1,2022-07-01,2117859.0,7982.0
Prague_1,2022-08-01,2147459.0,8418.0
Prague_1,2022-09-01,2330660.0,9166.0
Prague_1,2022-10-01,2456762.0,9049.0
Prague_1,2022-11-01,2503570.0,9483.0
Prague_1,2022-12-01,2779816.0,10152.0
Prague_1,2023-01-01,2866538.0,9827.0
Prague_1,2023-02-01,2571878.0,10196.0
Prague_1,2023-03-01,2966805.0,10325.0
Prague_1,2023-04-01,2853481.0,10136.0
Prague_1,2023-05-01,2971150.0,10125.0
Prague_1,2023-06-01,2617371.0,9630.0
Prague_1,2023-07-01,2360802.0,8849.0
Prague_1,2023-08-01,2292057.0,8637.0
Prague_1,2023-09-01,2416773.0,9217.0
Prague_1,2023-10-01,2631944.0,9543.0
Prague_1,2023-11-01,2572660.0,9959.0
Prague_1,2023-12-01,2868443.0,10932.0
Prague_1,2024-01-01,2995884.0,10545.0
Prague_1,2024-02-01,2756276.0,10402.0
Prague_1,2024-03-01,3008730.0,10555.0
Prague_1,2024-04-01,2980201.0,10626.0
Prague_1,2024-05-01,3094981.0,10805.0
Prague_1,2024-06-01,194207.0,10243.0
Prague_2,2020-08-01,815578.0,2752.0
Prague_2,2020-09-01,878803.0,3064.0
Prague_2,2020-10-01,1068107.0,3544.0
Prague_2,2020-11-01,1099470.0,3811.0
Prague_2,2020-12-01,1089000.0,3774.0
Prague_2,2021-01-01,1295631.0,4070.0
Prague_2,2021-02-01,1229346.0,4220.0
Prague_2,2021-03-01,1452649.0,4616.0
Prague_2,2021-04-01,1295368.0,4384.0
Prague_2,2021-05-01,1278830.0,4205.0
Prague_2,2021-06-01,1165054.0,4045.0
Prague_2,2021-07-01,1067894.0,3790.0
Prague_2,2021-08-01,1046326.0,3892.0
Prague_2,2021-09-01,1134475.0,4204.0
Prague_2,2021-10-01,1277408.0,4557.0
Prague_2,2021-11-01,1382608.0,4992.0
Prague_2,2021-12-01,1407639.0,4990.0
Prague_2,2022-01-01,1496357.0,5044.0
Prague_2,2022-02-01,1323566.0,5049.0
Prague_2,2022-03-01,1367736.0,4767.0
Prague_2,2022-04-01,1303962.0,4759.0
Prague_2,2022-05-01,1335315.0,4619.0
Prague_2,2022-06-01,1193298.0,4483.0
Prague_2,2022-07-01,1101180.0,4242.0
Prague_2,2022-08-01,1012725.0,4213.0
Prague_2,2022-09-01,1071799.0,4470.0
Prague_2,2022-10-01,1114688.0,4393.0
Prague_2,2022-11-01,1141225.0,4568.0
Prague_2,2022-12-01,1290409.0,5003.0
Prague_2,2023-01-01,1342119.0,4769.0
Prague_2,2023-02-01,900912.0,3483.0
Prague_2,2023-03-01,1038134.0,3519.0
Prague_2,2023-04-01,1016090.0,3501.0
Prague_2,2023-05-01,1109873.0,3647.0
Prague_2,2023-06-01,1071246.0,3817.0
Prague_2,2023-07-01,1008142.0,3690.0
Prague_2,2023-08-01,1299445.0,5095.0
Prague_2,2023-09-01,1365640.0,5447.0
Prague_2,2023-10-01,1489463.0,5614.0
Prague_2,2023-11-01,1458625.0,5776.0
Prague_2,2023-12-01,1621896.0,6340.0
Prague_2,2024-01-01,1679400.0,6150.0
Prague_2,2024-02-01,1567854.0,6054.0
Prague_2,2024-03-01,1706260.0,6109.0
Prague_2,2024-04-01,1687920.0,6144.0
Prague_2,2024-05-01,1749322.0,6212.0
Prague_2,2024-06-01,109051.0,5903.0
Prague_3,2020-08-01,847616.0,2930.0
Prague_3,2020-09-01,931150.0,3336.0
Prague_3,2020-10-01,1175178.0,3896.0
Prague_3,2020-11-01,1249516.0,4386.0
Prague_3,2020-12-01,1203980.0,4211.0
Prague_3,2021-01-01,1401054.0,4520.0
Prague_3,2021-02-01,1323311.0,4683.0
Prague_3,2021-03-01,1491859.0,4913.0
Prague_3,2021-04-01,1339783.0,4632.0
Prague_3,2021-05-01,1339061.0,4423.0
Prague_3,2021-06-01,1180505.0,4110.0
Prague_3,2021-07-01,1055075.0,3802.0
Prague_3,2021-08-01,1023781.0,3902.0
Prague_3,2021-09-01,1113447.0,4168.0
Prague_3,2021-10-01,1274669.0,4625.0
Prague_3,2021-11-01,1384680.0,5115.0
Prague_3,2021-12-01,1377086.0,5009.0
Prague_3,2022-01-01,1497636.0,5138.0
Prague_3,2022-02-01,1309751.0,5110.0
Prague_3,2022-03-01,1358132.0,4839.0
Prague_3,2022-04-01,1306314.0,4833.0
Prague_3,2022-05-01,1333132.0,4673.0
Prague_3,2022-06-01,1195061.0,4543.0
Prague_3,2022-07-01,1083216.0,4191.0
Prague_3,2022-08-01,1121457.0,4436.0
Prague_3,2022-09-01,1225893.0,4823.0
Prague_3,2022-10-01,1267416.0,4741.0
Prague_3,2022-11-01,1254034.0,4919.0
Prague_3,2022-12-01,1406561.0,5277.0
Prague_3,2023-01-01,1454770.0,5057.0
Prague_3,2023-02-01,1449391.0,5810.0
Prague_3,2023-03-01,1642942.0,5763.0
Prague_3,2023-04-01,1625393.0,5782.0
Prague_3,2023-05-01,1672771.0,5720.0
Prague_3,2023-06-01,1458769.0,5397.0
Prague_3,2023-07-01,1333988.0,5011.0
Prague_3,2023-08-01,1214801.0,4581.0
Prague_3,2023-09-01,1278283.0,4866.0
Prague_3,2023-10-01,1374600.0,4971.0
Prague_3,2023-11-01,1338753.0,5169.0
Prague_3,2023-12-01,1475084.0,5580.0
Prague_3,2024-01-01,1523671.0,5368.0
Prague_3,2024-02-01,1399409.0,5263.0
Prague_3,2024-03-01,1518917.0,5350.0
Prague_3,2024-04-01,1525786.0,5439.0
Prague_3,2024-05-01,1601616.0,5547.0
Prague_3,2024-06-01,99292.0,5275.0
