unique_id,name,warehouse,recent_daily_velocity,recent_availability,low_avail_days
3569,Roll_37,Brno_1,20.48,0.403,32
3486,Toust_22,Prague_2,12.66,0.433,30
1655,Bag_0,Prague_1,74.73,0.206,25
4066,Toust_28,Prague_3,39.74,0.483,24
201,Pastry_8,Brno_1,22.18,0.533,24
3570,Pastry_133,Brno_1,20.47,0.566,22
4422,Roll_45,Prague_1,46.54,0.591,20
2604,Bag_1,Munich_1,222.45,0.107,19
1654,Bag_0,Brno_1,61.46,0.037,17
4064,Toust_28,Prague_2,44.61,0.494,17
4423,Roll_45,Prague_3,17.11,0.581,17
4699,Bread_197,Prague_2,36.11,0.51,16
5000,Bread_211,Prague_2,28.53,0.514,16
1454,Banana_6,Budapest_1,129.15,0.518,14
2874,Grape_22,Prague_3,112.11,0.597,14
4007,Pastry_147,Brno_1,35.07,0.672,14
4065,Toust_28,Prague_1,72.87,0.512,13
4176,Pepper_23,Prague_2,54.12,0.603,13
1653,Bag_0,Prague_2,40.34,0.062,13
4062,Bread_167,Brno_1,192.33,0.558,12
667,Roll_10,Brno_1,28.22,0.688,12
1250,Pork_13,Prague_3,14.73,0.573,12
524,Roll_8,Prague_3,867.03,0.725,11
369,Roll_5,Brno_1,771.15,0.803,11
2247,Asparagus_11,Prague_3,119.41,0.605,11
971,Pastry_41,Brno_1,117.23,0.775,11
1536,Roll_14,Brno_1,108.93,0.789,11
235,Pastry_11,Brno_1,90.63,0.787,11
4894,Lemon_15,Prague_2,78.73,0.703,11
472,Salmon_2,Budapest_1,75.02,0.648,11
2300,Croissant_17,Brno_1,59.86,0.531,11
2603,Bag_1,Frankfurt_1,45.14,0.087,11
4178,Pepper_23,Prague_3,40.16,0.55,11
1253,Pork_13,Prague_1,25.13,0.596,11
529,Beef_1,Prague_3,10.61,0.66,11
4435,Cucumber_31,Prague_2,54.12,0.456,10
3485,Toust_22,Prague_1,29.91,0.625,10
1251,Pork_13,Brno_1,27.49,0.569,10
1381,Cream_0,Prague_2,10.45,0.674,10
617,Berry_1,Prague_2,794.56,0.663,9
