warehouse,quarter,units_per_order
Brno_1,2020-07-01,9.231
Budapest_1,2020-07-01,9.048
Prague_1,2020-07-01,9.285
Prague_2,2020-07-01,9.561
Prague_3,2020-07-01,9.317
Brno_1,2020-10-01,9.769
Budapest_1,2020-10-01,8.431
Prague_1,2020-10-01,9.375
Prague_2,2020-10-01,9.545
Prague_3,2020-10-01,9.477
Brno_1,2021-01-01,10.253
Budapest_1,2021-01-01,8.575
Prague_1,2021-01-01,9.996
Prague_2,2021-01-01,10.267
Prague_3,2021-01-01,9.954
Brno_1,2021-04-01,9.966
Budapest_1,2021-04-01,8.132
Munich_1,2021-04-01,0.401
Prague_1,2021-04-01,9.566
Prague_2,2021-04-01,9.757
Prague_3,2021-04-01,9.663
Brno_1,2021-07-01,9.101
Budapest_1,2021-07-01,7.836
Munich_1,2021-07-01,3.939
Prague_1,2021-07-01,8.783
Prague_2,2021-07-01,8.918
Prague_3,2021-07-01,8.773
Brno_1,2021-10-01,9.347
Budapest_1,2021-10-01,7.289
Frankfurt_1,2021-10-01,0.182
Munich_1,2021-10-01,6.031
Prague_1,2021-10-01,8.915
Prague_2,2021-10-01,9.126
Prague_3,2021-10-01,8.928
Brno_1,2022-01-01,9.573
Budapest_1,2022-01-01,7.274
Frankfurt_1,2022-01-01,4.855
Munich_1,2022-01-01,7.118
Prague_1,2022-01-01,9.226
Prague_2,2022-01-01,9.399
Prague_3,2022-01-01,9.208
Brno_1,2022-04-01,9.297
Budapest_1,2022-04-01,7.29
Frankfurt_1,2022-04-01,6.809
Munich_1,2022-04-01,7.628
Prague_1,2022-04-01,9.118
Prague_2,2022-04-01,9.115
Prague_3,2022-04-01,8.999
Brno_1,2022-07-01,8.362
Budapest_1,2022-07-01,7.598
Frankfurt_1,2022-07-01,6.965
Munich_1,2022-07-01,7.669
Prague_1,2022-07-01,8.42
Prague_2,2022-07-01,8.041
Prague_3,2022-07-01,8.324
Brno_1,2022-10-01,8.919
Budapest_1,2022-10-01,7.5
Frankfurt_1,2022-10-01,7.952
Munich_1,2022-10-01,9.102
Prague_1,2022-10-01,8.798
Prague_2,2022-10-01,8.279
Prague_3,2022-10-01,8.574
Brno_1,2023-01-01,9.631
Budapest_1,2023-01-01,7.969
Frankfurt_1,2023-01-01,8.758
Munich_1,2023-01-01,10.107
Prague_1,2023-01-01,9.235
Prague_2,2023-01-01,9.257
Prague_3,2023-01-01,9.129
Brno_1,2023-04-01,9.735
Budapest_1,2023-04-01,7.835
Frankfurt_1,2023-04-01,8.687
Munich_1,2023-04-01,9.22
Prague_1,2023-04-01,9.309
Prague_2,2023-04-01,9.614
Prague_3,2023-04-01,9.279
Brno_1,2023-07-01,9.024
Budapest_1,2023-07-01,7.975
Frankfurt_1,2023-07-01,8.366
Munich_1,2023-07-01,8.638
Prague_1,2023-07-01,8.636
Prague_2,2023-07-01,8.429
Prague_3,2023-07-01,8.633
Brno_1,2023-10-01,8.829
Budapest_1,2023-10-01,7.54
Frankfurt_1,2023-10-01,7.976
Munich_1,2023-10-01,8.374
Prague_1,2023-10-01,8.648
Prague_2,2023-10-01,8.403
Prague_3,2023-10-01,8.687
Brno_1,2024-01-01,9.51
Budapest_1,2024-01-01,7.988
Frankfurt_1,2024-01-01,7.824
Munich_1,2024-01-01,8.701
Prague_1,2024-01-01,9.166
Prague_2,2024-01-01,8.916
Prague_3,2024-01-01,9.161
Brno_1,2024-04-01,9.621
Budapest_1,2024-04-01,7.879
Frankfurt_1,2024-04-01,7.335
Munich_1,2024-04-01,8.265
Prague_1,2024-04-01,9.299
Prague_2,2024-04-01,9.124
Prague_3,2024-04-01,9.335
